update_id,bearing,latitude,longitude,speed,trip_id,vehicle_id,timestamp,is_updated,percentage,rel_timestamp
37,0,48.41976547241211,-123.36888122558594,0,1833035:5213577:5240882,3131359525,1710898198309,1,0,0
37,0,48.41975784301758,-123.36888122558594,0,1833035:5213577:5240882,3131359525,1710898228308,1,0,29999
37,0,48.41975784301758,-123.36888122558594,0,1833035:5213577:5240882,3131359525,1710898258566,1,0,60257
37,0,48.41974639892578,-123.36890411376953,0,1833035:5213577:5240882,3131359525,1710898288260,1,0,89951
38,0,48.41974639892578,-123.36890411376953,0,1833035:5213577:5240882,3131359525,1710898318273,1,0,119964
37,0,48.41975402832031,-123.3689193725586,0,1833035:5213577:5240882,3131359525,1710898348273,1,0,149964
37,0,48.41975402832031,-123.3689193725586,0,1833035:5213577:5240882,3131359525,1710898378172,1,0,179863
37,0,48.41976547241211,-123.36894989013672,0,1833035:5213577:5240882,3131359525,1710898408184,1,0,209875
37,0,48.41976547241211,-123.36894989013672,0,1833035:5213577:5240882,3131359525,1710898438263,1,0,239954
37,0,48.41976547241211,-123.36894989013672,0,1833035:5213577:5240882,3131359525,1710898468278,1,0,269969
36,0,48.41978073120117,-123.36895751953125,0,1833035:5213577:5240882,3131359525,1710898498371,1,0,300062
36,0,48.41978073120117,-123.36895751953125,0,1833035:5213577:5240882,3131359525,1710898528252,1,0,329943
36,0,48.419776916503906,-123.36895751953125,0,1833035:5213577:5240882,3131359525,1710898558209,1,0,359900
36,0,48.419776916503906,-123.36895751953125,0,1833035:5213577:5240882,3131359525,1710898588286,1,0,389977
36,0,48.419776916503906,-123.36895751953125,0,1833035:5213577:5240882,3131359525,1710898618172,1,0,419863
36,0,48.41976547241211,-123.36898040771484,0,1833035:5213577:5240882,3131359525,1710898648137,1,0,449828
35,0,48.41975402832031,-123.36898803710938,0,1833035:5213577:5240882,3131359525,1710898678258,1,0,479949
35,0,48.41975402832031,-123.36898803710938,0,1833035:5213577:5240882,3131359525,1710898708376,1,0,510067
35,0,48.41975402832031,-123.36898040771484,0,1833035:5213577:5240882,3131359525,1710898738060,1,0,539751
34,0,48.41975402832031,-123.36898040771484,0,1833035:5213577:5240882,3131359525,1710898768197,1,0,569888
34,0,48.41975402832031,-123.36897277832031,0,1833035:5213577:5240882,3131359525,1710898798209,1,0,599900
34,0,48.41975402832031,-123.36897277832031,0,1833035:5213577:5240882,3131359525,1710898828227,1,0,629918
34,0,48.41975402832031,-123.36897277832031,0,1833035:5213577:5240882,3131359525,1710898858364,1,0,660055
112,0,48.41990280151367,-123.36890411376953,0,1833296:5216606:5241180,3131359531,1710898858364,1,0,0
112,0,48.41978454589844,-123.36895751953125,0,1833296:5216606:5241180,3131359531,1710898888266,1,0,29902
111,0,48.41978454589844,-123.36895751953125,0,1833296:5216606:5241180,3131359531,1710898918226,1,0,59862
33,77.80000305175781,48.41830062866211,-123.3684310913086,6.380000114440918,1833035:5213577:5240882,3131359525,1710898948205,1,0.0023709559144819733,749896
110,0,48.41978073120117,-123.36894989013672,0,1833296:5216606:5241180,3131359531,1710898948205,1,0,89841
33,84.5,48.41839599609375,-123.36709594726562,10,1833035:5213577:5240882,3131359525,1710898978288,1,0.004481215664436789,779979
110,0,48.41978073120117,-123.36894989013672,0,1833296:5216606:5241180,3131359531,1710898978288,1,0,119924
33,84.5,48.41839599609375,-123.36709594726562,10,1833035:5213577:5240882,3131359525,1710899008488,1,0.004481215664436789,810179
110,0,48.41978454589844,-123.36894226074219,0,1833296:5216606:5241180,3131359531,1710899008488,1,0,150124
33,340.1000061035156,48.418888092041016,-123.36575317382812,8.329999923706055,1833035:5213577:5240882,3131359525,1710899038192,1,0.004787000936927116,839883
110,0,48.41978454589844,-123.36894226074219,0,1833296:5216606:5241180,3131359531,1710899038192,1,0,179828
33,350.70001220703125,48.41972732543945,-123.3662109375,6.940000057220459,1833035:5213577:5240882,3131359525,1710899068223,1,0.01949806696533109,869914
110,0,48.41977310180664,-123.36890411376953,0,1833296:5216606:5241180,3131359531,1710899068223,1,0,209859
33,5.400000095367432,48.42112350463867,-123.36619567871094,8.329999923706055,1833035:5213577:5240882,3131359525,1710899098112,1,0.028334779855553383,899803
110,0,48.41977310180664,-123.36890411376953,0,1833296:5216606:5241180,3131359531,1710899098112,1,0,239748
33,4.900000095367432,48.42194366455078,-123.36605834960938,3.880000114440918,1833035:5213577:5240882,3131359525,1710899128250,1,0.027145274277662217,929941
110,0,48.41976547241211,-123.36890411376953,0,1833296:5216606:5241180,3131359531,1710899128250,1,0,269886
33,0,48.42279052734375,-123.36561584472656,0.550000011920929,1833035:5213577:5240882,3131359525,1710899158047,1,0.039760624874317765,959738
110,0,48.41976547241211,-123.36890411376953,0,1833296:5216606:5241180,3131359531,1710899158047,1,0,299683
33,6.099999904632568,48.42312240600586,-123.3656997680664,6.940000057220459,1833035:5213577:5240882,3131359525,1710899188262,1,0.04140431072538777,989953
110,0,48.41976547241211,-123.36890411376953,0,1833296:5216606:5241180,3131359531,1710899188262,1,0,329898
33,6.099999904632568,48.42312240600586,-123.3656997680664,6.940000057220459,1833035:5213577:5240882,3131359525,1710899218209,1,0.04140431072538777,1019900
110,0,48.41976547241211,-123.36890411376953,0,1833296:5216606:5241180,3131359531,1710899218209,1,0,359845
33,11.899999618530273,48.423973083496094,-123.36547088623047,6.380000114440918,1833035:5213577:5240882,3131359525,1710899248171,1,0.045194994552069885,1049862
110,0,48.41976547241211,-123.36890411376953,0,1833296:5216606:5241180,3131359531,1710899248171,1,0,389807
33,0,48.42440414428711,-123.36532592773438,0,1833035:5213577:5240882,3131359525,1710899278222,1,0.051039688293532254,1079913
110,0,48.41976547241211,-123.36890411376953,0,1833296:5216606:5241180,3131359531,1710899278222,1,0,419858
33,0,48.4244499206543,-123.36532592773438,0.8299999833106995,1833035:5213577:5240882,3131359525,1710899308372,1,0.051324464267375206,1110063
110,0,48.41976547241211,-123.36890411376953,0,1833296:5216606:5241180,3131359531,1710899308372,1,0,450008
33,9,48.42550277709961,-123.36505889892578,9.4399995803833,1833035:5213577:5240882,3131359525,1710899338470,1,0.059073455767462986,1140161
110,0,48.41976547241211,-123.36890411376953,0,1833296:5216606:5241180,3131359531,1710899338470,1,0,480106
33,9,48.42550277709961,-123.36505889892578,9.4399995803833,1833035:5213577:5240882,3131359525,1710899368309,1,0.059073455767462986,1170000
110,0,48.41976547241211,-123.36890411376953,0,1833296:5216606:5241180,3131359531,1710899368309,1,0,509945
33,9,48.42550277709961,-123.36505889892578,9.4399995803833,1833035:5213577:5240882,3131359525,1710899398421,1,0.059073455767462986,1200112
110,0,48.41976547241211,-123.36890411376953,0,1833296:5216606:5241180,3131359531,1710899398421,1,0,540057
33,0,48.427799224853516,-123.36447143554688,0,1833035:5213577:5240882,3131359525,1710899428197,1,0.06925750118527553,1229888
110,0,48.41976547241211,-123.36890411376953,0,1833296:5216606:5241180,3131359531,1710899428197,1,0,569833
33,0,48.42779541015625,-123.36444854736328,0,1833035:5213577:5240882,3131359525,1710899458439,1,0.06925750118527553,1260130
110,0,48.419795989990234,-123.36885833740234,0,1833296:5216606:5241180,3131359531,1710899458439,1,0,600075
33,359.20001220703125,48.42806625366211,-123.36441040039062,6.380000114440918,1833035:5213577:5240882,3131359525,1710899488284,1,0.07367411674522703,1289975
110,175.1999969482422,48.41925048828125,-123.36881256103516,5,1833296:5216606:5241180,3131359531,1710899488284,1,0,629920
33,358.6000061035156,48.42887878417969,-123.3643798828125,7.769999980926514,1833035:5213577:5240882,3131359525,1710899518326,1,0.07686265902838625,1320017
33,356.20001220703125,48.42975616455078,-123.36441802978516,9.15999984741211,1833035:5213577:5240882,3131359525,1710899548423,1,0.08232481950952132,1350114
32,0,48.432254791259766,-123.36448669433594,0.27000001072883606,1833035:5213577:5240882,3131359525,1710899578465,1,0.0922949367677145,1380156
108,85.80000305175781,48.41848373413086,-123.36583709716797,3.049999952316284,1833296:5216606:5241180,3131359531,1710899578465,1,0.0026024494009442797,720101
32,359,48.433441162109375,-123.36454010009766,12.220000267028809,1833035:5213577:5240882,3131359525,1710899608408,1,0.10297061649539872,1410099
108,0,48.419898986816406,-123.36627960205078,0.8299999833106995,1833296:5216606:5241180,3131359531,1710899608408,1,0.02062719217348738,750044
32,341,48.435340881347656,-123.36519622802734,6.940000057220459,1833035:5213577:5240882,3131359525,1710899638406,1,0.11869100815386625,1440097
108,352.79998779296875,48.420166015625,-123.36626434326172,6.940000057220459,1833296:5216606:5241180,3131359531,1710899638406,1,0.022217771322633074,780042
32,0,48.437007904052734,-123.3660659790039,0,1833035:5213577:5240882,3131359525,1710899668478,1,0.12384035104830682,1470169
108,12.199999809265137,48.42193603515625,-123.36607360839844,6.110000133514404,1833296:5216606:5241180,3131359531,1710899668478,1,0.027145274277662217,810114
1,0,48.41982650756836,-123.36882781982422,0,1833811:5212427:5239068,3131359519,1710899698147,1,0,0
32,0,48.437015533447266,-123.36605834960938,0,1833035:5213577:5240882,3131359525,1710899698147,1,0.12386196358231746,1499838
108,0,48.423213958740234,-123.36570739746094,0.8299999833106995,1833296:5216606:5241180,3131359531,1710899698147,1,0.04140431072538777,839783
1,0,48.419837951660156,-123.36885833740234,0,1833811:5212427:5239068,3131359519,1710899728456,1,0,30309
31,349.70001220703125,48.4381217956543,-123.36663818359375,2.5,1833035:5213577:5240882,3131359525,1710899728456,1,0.1325208077867567,1530147
107,0,48.424034118652344,-123.3654556274414,0,1833296:5216606:5241180,3131359531,1710899728456,1,0.04555757759137063,870092
1,0,48.419837951660156,-123.36885833740234,0,1833811:5212427:5239068,3131359519,1710899758328,1,0,60181
31,340.79998779296875,48.44129180908203,-123.36843872070312,13.329999923706055,1833035:5213577:5240882,3131359525,1710899758328,1,0.14347895156013263,1560019
107,0,48.42418670654297,-123.36542510986328,0,1833296:5216606:5241180,3131359531,1710899758328,1,0.04644380589674427,899964
1,0,48.41983413696289,-123.36885833740234,0,1833811:5212427:5239068,3131359519,1710899788295,1,0,90148
31,338.70001220703125,48.44407653808594,-123.37007141113281,9.720000267028809,1833035:5213577:5240882,3131359525,1710899788295,1,0.17269807029328546,1589986
105,0,48.42420196533203,-123.36542510986328,0.550000011920929,1833296:5216606:5241180,3131359531,1710899788295,1,0.046524337065923294,929931
1,0,48.41983413696289,-123.36885833740234,0,1833811:5212427:5239068,3131359519,1710899818432,1,0,120285
31,340.5,48.44486618041992,-123.37052154541016,4.159999847412109,1833035:5213577:5240882,3131359525,1710899818432,1,0.17574250015702528,1620123
104,0,48.42420196533203,-123.36542510986328,0.550000011920929,1833296:5216606:5241180,3131359531,1710899818432,1,0.046524337065923294,960068
1,0,48.419822692871094,-123.36885833740234,0,1833811:5212427:5239068,3131359519,1710899848375,1,0,150228
32,0,48.44562530517578,-123.37092590332031,0,1833035:5213577:5240882,3131359525,1710899848375,1,0.18469719325347797,1650066
105,0,48.42445755004883,-123.36543273925781,0,1833296:5216606:5241180,3131359531,1710899848375,1,0.05143907166074448,990011
1,0,48.419822692871094,-123.36885833740234,0,1833811:5212427:5239068,3131359519,1710899878320,1,0,180173
32,339.29998779296875,48.44680404663086,-123.37152099609375,9.720000267028809,1833035:5213577:5240882,3131359525,1710899878320,1,0.19728951129582784,1680011
104,14.699999809265137,48.42551803588867,-123.3650894165039,4.440000057220459,1833296:5216606:5241180,3131359531,1710899878320,1,0.05911245425397352,1019956
1,0,48.41981506347656,-123.36885833740234,0,1833811:5212427:5239068,3131359519,1710899908296,1,0,210149
31,336.20001220703125,48.44879913330078,-123.37293243408203,7.5,1833035:5213577:5240882,3131359525,1710899908296,1,0.20663119689795326,1709987
103,7.900000095367432,48.42597579956055,-123.36497497558594,2.5,1833296:5216606:5241180,3131359531,1710899908296,1,0.0553962561467422,1049932
1,0,48.41981506347656,-123.36885833740234,0,1833811:5212427:5239068,3131359519,1710899938335,1,0,240188
32,336.79998779296875,48.449607849121094,-123.37350463867188,8.329999923706055,1833035:5213577:5240882,3131359525,1710899938335,1,0.21256118029154938,1740026
104,11.100000381469727,48.427520751953125,-123.3646240234375,10.550000190734863,1833296:5216606:5241180,3131359531,1710899938335,1,0.06781479551325104,1079971
1,0,48.41981506347656,-123.36885833740234,0,1833811:5212427:5239068,3131359519,1710899968339,1,0,270192
32,338.20001220703125,48.450096130371094,-123.37376403808594,7.21999979019165,1833035:5213577:5240882,3131359525,1710899968339,1,0.21520253113314206,1770030
103,0,48.427757263183594,-123.36450958251953,0.8299999833106995,1833296:5216606:5241180,3131359531,1710899968339,1,0.06925750118527553,1109975
32,339.29998779296875,48.45250701904297,-123.37516784667969,6.380000114440918,1833035:5213577:5240882,3131359525,1710899998432,1,0.23303158998434223,1800123
103,1,48.42810821533203,-123.36443328857422,5.269999980926514,1833296:5216606:5241180,3131359531,1710899998432,1,0.07393654790915319,1140068
32,0,48.453311920166016,-123.3756103515625,0,1833035:5213577:5240882,3131359525,1710900028200,1,0.23623226335043862,1829891
103,3,48.42998123168945,-123.36439514160156,3.609999895095825,1833296:5216606:5241180,3131359531,1710900028200,1,0.08373092065848638,1169836
32,0,48.45329284667969,-123.37560272216797,0,1833035:5213577:5240882,3131359525,1710900058330,1,0.23623226335043862,1860021
102,3,48.42998123168945,-123.36439514160156,3.609999895095825,1833296:5216606:5241180,3131359531,1710900058330,1,0.08373092065848638,1199966
32,330.20001220703125,48.45426559448242,-123.37627410888672,10.829999923706055,1833035:5213577:5240882,3131359525,1710900088382,1,0.2437735909993023,1890073
102,0,48.432159423828125,-123.36447143554688,0,1833296:5216606:5241180,3131359531,1710900088382,1,0.09223270313519909,1230018
32,289.20001220703125,48.4562873840332,-123.38199615478516,18.329999923706055,1833035:5213577:5240882,3131359525,1710900118368,1,0.2666711619745619,1920059
102,354.1000061035156,48.43250274658203,-123.36454010009766,5.550000190734863,1833296:5216606:5241180,3131359531,1710900118368,1,0.0922949367677145,1260004
32,290.3999938964844,48.45781326293945,-123.38856506347656,16.940000534057617,1833035:5213577:5240882,3131359525,1710900148380,1,0.2727459172610196,1950071
101,356.1000061035156,48.43418884277344,-123.36460876464844,11.65999984741211,1833296:5216606:5241180,3131359531,1710900148380,1,0.10739131394983704,1290016
32,0,48.45835876464844,-123.39115905761719,0,1833035:5213577:5240882,3131359525,1710900178448,1,0.311822302123022,1980139
101,341.1000061035156,48.436710357666016,-123.36591339111328,11.380000114440918,1833296:5216606:5241180,3131359531,1710900178448,1,0.1218546648511582,1320084
32,268,48.4583740234375,-123.39332580566406,16.110000610351562,1833035:5213577:5240882,3131359525,1710900208283,1,0.32610226202693754,2009974
99,0,48.43702697753906,-123.36608123779297,0.8299999833106995,1833296:5216606:5241180,3131359531,1710900208283,1,0.12398154485163276,1349919
32,289,48.458927154541016,-123.40064239501953,18.329999923706055,1833035:5213577:5240882,3131359525,1710900238428,1,0.35116266280551656,2040119
99,339.20001220703125,48.43894958496094,-123.36717987060547,11.65999984741211,1833296:5216606:5241180,3131359531,1710900238428,1,0.1345942662466987,1380064
32,0,48.459712982177734,-123.4033203125,1.1100000143051147,1833035:5213577:5240882,3131359525,1710900268391,1,0.3674019394495802,2070082
99,339.20001220703125,48.44122314453125,-123.36842346191406,11.65999984741211,1833296:5216606:5241180,3131359531,1710900268391,1,0.14347895156013263,1410027
30,288.79998779296875,48.460262298583984,-123.40499877929688,9.720000267028809,1833035:5213577:5240882,3131359525,1710900298269,1,0.3764199997851509,2099960
97,339,48.44363784790039,-123.36978912353516,14.15999984741211,1833296:5216606:5241180,3131359531,1710900298269,1,0.1696690424350182,1439905
30,300.3999938964844,48.46129608154297,-123.4101333618164,17.5,1833035:5213577:5240882,3131359525,1710900328247,1,0.3855444791253807,2129938
97,336.3999938964844,48.44582748413086,-123.37104034423828,6.659999847412109,1833296:5216606:5241180,3131359531,1710900328247,1,0.18589924641221395,1469883
30,273.1000061035156,48.4642448425293,-123.41807556152344,20.829999923706055,1833035:5213577:5240882,3131359525,1710900358233,1,0.43280181922788497,2159924
97,335.70001220703125,48.44853210449219,-123.37269592285156,13.609999656677246,1833296:5216606:5241180,3131359531,1710900358233,1,0.20478574925349174,1499869
1,105,48.41820526123047,-123.36865234375,5.550000190734863,1833811:5212427:5239068,3131359519,1710900388382,1,0.0023709559144819733,690235
30,273.3999938964844,48.464141845703125,-123.4264907836914,21.3799991607666,1833035:5213577:5240882,3131359525,1710900388382,1,0.45530788353288254,2190073
98,335.70001220703125,48.44853210449219,-123.37269592285156,13.609999656677246,1833296:5216606:5241180,3131359531,1710900388382,1,0.20478574925349174,1530018
1,85.30000305175781,48.418460845947266,-123.36599731445312,4.71999979019165,1833811:5212427:5239068,3131359519,1710900418240,1,0.00277362581360761,720093
30,276.5,48.46446228027344,-123.43071746826172,6.380000114440918,1833035:5213577:5240882,3131359525,1710900418240,1,0.47868838264103514,2219931
98,335.70001220703125,48.44928741455078,-123.37321472167969,4.71999979019165,1833296:5216606:5241180,3131359531,1710900418240,1,0.2101010172414533,1559876
1,336.3999938964844,48.419517517089844,-123.36615753173828,8.880000114440918,1833811:5212427:5239068,3131359519,1710900448270,1,0.020065335358152633,750123
30,0,48.46445846557617,-123.4311294555664,0,1833035:5213577:5240882,3131359525,1710900448270,1,0.47988988728694365,2249961
98,339,48.4503059387207,-123.37384796142578,10.829999923706055,1833296:5216606:5241180,3131359531,1710900448270,1,0.21642127591071253,1589906
1,5.800000190734863,48.421321868896484,-123.3661880493164,9.4399995803833,1833811:5212427:5239068,3131359519,1710900478270,1,0.029561159434339075,780123
30,251.89999389648438,48.4637451171875,-123.43458557128906,18.8799991607666,1833035:5213577:5240882,3131359525,1710900478270,1,0.49424913883794414,2279961
98,338.29998779296875,48.45204544067383,-123.37487030029297,7.5,1833296:5216606:5241180,3131359531,1710900478270,1,0.22977504265286333,1619906
1,0,48.422752380371094,-123.36568450927734,0,1833811:5212427:5239068,3131359519,1710900508386,1,0.03960853903016118,810239
29,265.6000061035156,48.462650299072266,-123.4437484741211,20.829999923706055,1833035:5213577:5240882,3131359525,1710900508386,1,0.5290480922674193,2310077
97,338.29998779296875,48.45204544067383,-123.37487030029297,7.5,1833296:5216606:5241180,3131359531,1710900508386,1,0.22977504265286333,1650022
1,12.800000190734863,48.42398452758789,-123.36544036865234,6.659999847412109,1833811:5212427:5239068,3131359519,1710900538535,1,0.04533630946604647,840388
28,262.8999938964844,48.46296310424805,-123.45051574707031,15,1833035:5213577:5240882,3131359525,1710900538535,1,0.5736343071849371,2340226
96,0,48.45337677001953,-123.37561798095703,0,1833296:5216606:5241180,3131359531,1710900538535,1,0.23623226335043862,1680171
1,0,48.42420196533203,-123.3654556274414,0.550000011920929,1833811:5212427:5239068,3131359519,1710900568385,1,0.046443420580137215,870238
28,217.6999969482422,48.46131134033203,-123.45378112792969,7.5,1833035:5213577:5240882,3131359525,1710900568385,1,0.5853009629725082,2370076
96,0,48.45334243774414,-123.37564086914062,0,1833296:5216606:5241180,3131359531,1710900568385,1,0.23623226335043862,1710021
1,0,48.424346923828125,-123.3654556274414,0.8299999833106995,1833811:5212427:5239068,3131359519,1710900598487,1,0.05083599150386335,900340
27,229.3000030517578,48.46047592163086,-123.45499420166016,11.109999656677246,1833035:5213577:5240882,3131359525,1710900598487,1,0.5893234023379885,2400178
95,336.8999938964844,48.453697204589844,-123.37584686279297,8.609999656677246,1833296:5216606:5241180,3131359531,1710900598487,1,0.2434798981340098,1740123
1,10.100000381469727,48.42551040649414,-123.36504364013672,9.720000267028809,1833811:5212427:5239068,3131359519,1710900628650,1,0.05914406792050927,930503
27,0,48.458717346191406,-123.45805358886719,0,1833035:5213577:5240882,3131359525,1710900628650,1,0.6042182561318903,2430341
94,289.3999938964844,48.456024169921875,-123.38088989257812,18.329999923706055,1833296:5216606:5241180,3131359531,1710900628650,1,0.2666711619745619,1770286
1,10.100000381469727,48.42551040649414,-123.36504364013672,9.720000267028809,1833811:5212427:5239068,3131359519,1710900658606,1,0.05914406792050927,960459
27,0,48.45870590209961,-123.45806121826172,0.27000001072883606,1833035:5213577:5240882,3131359525,1710900658606,1,0.604281106126526,2460297
94,289.20001220703125,48.457054138183594,-123.38523864746094,18.8799991607666,1833296:5216606:5241180,3131359531,1710900658606,1,0.2770436657816376,1800242
1,0,48.42780685424805,-123.36442565917969,0.8299999833106995,1833811:5212427:5239068,3131359519,1710900689825,1,0.06925750118527553,991678
27,219.60000610351562,48.45481872558594,-123.46115112304688,13.880000114440918,1833035:5213577:5240882,3131359525,1710900689825,1,0.6370262242675786,2491516
94,0,48.4583740234375,-123.39112091064453,0,1833296:5216606:5241180,3131359531,1710900689825,1,0.311822302123022,1831461
1,0,48.42780685424805,-123.36442565917969,0.8299999833106995,1833811:5212427:5239068,3131359519,1710900718322,1,0.06925750118527553,1020175
27,204.89999389648438,48.45278549194336,-123.46292114257812,13.050000190734863,1833035:5213577:5240882,3131359525,1710900718322,1,0.6513694631301065,2520013
94,267.79998779296875,48.4583625793457,-123.39326477050781,16.110000610351562,1833296:5216606:5241180,3131359531,1710900718322,1,0.32584922563059654,1859958
1,0,48.42780303955078,-123.36444854736328,0,1833811:5212427:5239068,3131359519,1710900748477,1,0.06925750118527553,1050330
27,0,48.45130157470703,-123.46399688720703,0,1833035:5213577:5240882,3131359525,1710900748477,1,0.6569020119508192,2550168
93,290.29998779296875,48.459014892578125,-123.40107727050781,21.940000534057617,1833296:5216606:5241180,3131359531,1710900748477,1,0.35307237471465613,1890113
1,1.600000023841858,48.42903518676758,-123.3643569946289,4.71999979019165,1833811:5212427:5239068,3131359519,1710900778429,1,0.07779574684707423,1080282
27,201.8000030517578,48.45024490356445,-123.46456909179688,8.050000190734863,1833035:5213577:5240882,3131359525,1710900778429,1,0.6707242319409575,2580120
93,0,48.459678649902344,-123.40328979492188,0.27000001072883606,1833296:5216606:5241180,3131359531,1710900778429,1,0.35860161789032635,1920065
1,1.600000023841858,48.42903518676758,-123.3643569946289,4.71999979019165,1833811:5212427:5239068,3131359519,1710900808504,1,0.07779574684707423,1110357
27,198.60000610351562,48.44767379760742,-123.46589660644531,13.050000190734863,1833035:5213577:5240882,3131359525,1710900808504,1,0.6885496167400925,2610195
93,298.29998779296875,48.45988082885742,-123.40385437011719,7.5,1833296:5216606:5241180,3131359531,1710900808504,1,0.3688586329561317,1950140
1,5.699999809265137,48.43147277832031,-123.36447143554688,10.550000190734863,1833811:5212427:5239068,3131359519,1710900838538,1,0.09079112187032344,1140391
27,199.89999389648438,48.44578170776367,-123.46681213378906,5,1833035:5213577:5240882,3131359525,1710900838538,1,0.6980811379301387,2640229
93,284.5,48.460693359375,-123.40821075439453,17.770000457763672,1833296:5216606:5241180,3131359531,1710900838538,1,0.3814042142425777,1980174
1,357.29998779296875,48.43250274658203,-123.36445617675781,7.5,1833811:5212427:5239068,3131359519,1710900868486,1,0.0922949367677145,1170339
27,0,48.4442024230957,-123.4679183959961,0,1833035:5213577:5240882,3131359525,1710900868486,1,NaN,2670177
93,306.79998779296875,48.463470458984375,-123.41468048095703,21.940000534057617,1833296:5216606:5241180,3131359531,1710900868486,1,0.39619646534997377,2010122
1,339.79998779296875,48.43479537963867,-123.36485290527344,11.9399995803833,1833811:5212427:5239068,3131359519,1710900898421,1,0.11492365534424977,1200274
27,211.6999969482422,48.44331359863281,-123.46864318847656,8.609999656677246,1833035:5213577:5240882,3131359525,1710900898421,1,0.7195238391987392,2700112
93,271.1000061035156,48.46417236328125,-123.42320251464844,22.5,1833296:5216606:5241180,3131359531,1710900898421,1,0.4461998359458959,2040057
1,338.1000061035156,48.43635940551758,-123.36575317382812,11.109999656677246,1833811:5212427:5239068,3131359519,1710900928507,1,0.11956273401581002,1230360
26,290.20001220703125,48.44237518310547,-123.47039794921875,9.15999984741211,1833035:5213577:5240882,3131359525,1710900928507,1,0.7226814470260917,2730198
92,278.5,48.46435546875,-123.42988586425781,11.380000114440918,1833296:5216606:5241180,3131359531,1710900928507,1,0.47517365066026307,2070143
1,0,48.43703079223633,-123.36610412597656,1.3799999952316284,1833811:5212427:5239068,3131359519,1710900958507,1,0.12406014414775762,1260360
26,286.70001220703125,48.44268798828125,-123.4716567993164,6.940000057220459,1833035:5213577:5240882,3131359525,1710900958507,1,0.7354477658819003,2760198
92,0,48.464500427246094,-123.43108367919922,0,1833296:5216606:5241180,3131359531,1710900958507,1,0.47988988728694365,2100143
1,340.79998779296875,48.437660217285156,-123.3664779663086,9.15999984741211,1833811:5212427:5239068,3131359519,1710900988466,1,0.12980465455565254,1290319
26,296.20001220703125,48.44367218017578,-123.47502136230469,13.050000190734863,1833035:5213577:5240882,3131359525,1710900988466,1,0.7512815704507139,2790157
92,252.10000610351562,48.46414566040039,-123.43289947509766,16.3799991607666,1833296:5216606:5241180,3131359531,1710900988466,1,0.4952387984604538,2130102
1,0,48.43817901611328,-123.36669921875,0,1833811:5212427:5239068,3131359519,1710901018343,1,0.13298594786779439,1320196
26,324.79998779296875,48.44418716430664,-123.47644805908203,5.829999923706055,1833035:5213577:5240882,3131359525,1710901018343,1,0.7488030745775837,2820034
92,265,48.46274185180664,-123.4421157836914,23.049999237060547,1833296:5216606:5241180,3131359531,1710901018343,1,0.524702455636998,2159979
1,338.6000061035156,48.4389533996582,-123.36714172363281,11.9399995803833,1833811:5212427:5239068,3131359519,1710901048310,1,0.1345942662466987,1350163
26,284.6000061035156,48.44533157348633,-123.48099517822266,7.769999980926514,1833035:5213577:5240882,3131359525,1710901048310,1,0.7787117111514786,2850001
92,284.70001220703125,48.46295928955078,-123.44960021972656,16.3799991607666,1833296:5216606:5241180,3131359531,1710901048310,1,0.565900591144805,2189946
1,339.20001220703125,48.442569732666016,-123.369140625,12.770000457763672,1833811:5212427:5239068,3131359519,1710901078392,1,0.15107519353986695,1380245
26,279.70001220703125,48.44551086425781,-123.48217010498047,6.659999847412109,1833035:5213577:5240882,3131359525,1710901078392,1,0.7856040435770946,2880083
60,0,48.419883728027344,-123.36893463134766,0,1834613:5211228:5240110,3131359505,1710901078392,1,0,0
92,219,48.46122741699219,-123.4538803100586,7.21999979019165,1833296:5216606:5241180,3131359531,1710901078392,1,0.585951040235072,2220028
1,338.6000061035156,48.44464874267578,-123.37035369873047,9.4399995803833,1833811:5212427:5239068,3131359519,1710901108489,1,0.1741503039527458,1410342
26,286.20001220703125,48.44613265991211,-123.48600769042969,11.9399995803833,1833035:5213577:5240882,3131359525,1710901108489,1,0.7984755292888682,2910180
60,0,48.419883728027344,-123.36893463134766,0,1834613:5211228:5240110,3131359505,1710901108489,1,0,30097
92,221.89999389648438,48.45888900756836,-123.45785522460938,9.4399995803833,1833296:5216606:5241180,3131359531,1710901108489,1,0.6029338578571279,2250125
1,338.6000061035156,48.44464874267578,-123.37035369873047,9.4399995803833,1833811:5212427:5239068,3131359519,1710901138862,1,0.1741503039527458,1440715
26,273.70001220703125,48.44640350341797,-123.48848724365234,9.4399995803833,1833035:5213577:5240882,3131359525,1710901138862,1,0.8127170064535568,2940553
60,0,48.419883728027344,-123.36894226074219,0,1834613:5211228:5240110,3131359505,1710901138862,1,0,60470
92,202,48.45832061767578,-123.4582748413086,9.4399995803833,1833296:5216606:5241180,3131359531,1710901138862,1,0.6130957225425135,2280498
1,0,48.44492721557617,-123.37056732177734,0.27000001072883606,1833811:5212427:5239068,3131359519,1710901168210,1,0.1761858616169844,1470063
26,278.79998779296875,48.44670104980469,-123.49217987060547,12.5,1833035:5213577:5240882,3131359525,1710901168210,1,0.8261750767435393,2969901
60,0,48.419883728027344,-123.36894226074219,0,1834613:5211228:5240110,3131359505,1710901168210,1,0,89818
92,0,48.45746612548828,-123.4586410522461,1.1100000143051147,1833296:5216606:5241180,3131359531,1710901168210,1,0.6180150106981254,2309846
1,336.6000061035156,48.445919036865234,-123.37112426757812,8.050000190734863,1833811:5212427:5239068,3131359519,1710901198319,1,0.18604462158996674,1500172
26,0,48.4471435546875,-123.49440002441406,0,1833035:5213577:5240882,3131359525,1710901198319,1,0.8350024456690047,3000010
60,0,48.41987991333008,-123.36894226074219,0,1834613:5211228:5240110,3131359505,1710901198319,1,0,119927
92,221.39999389648438,48.45588302612305,-123.4596176147461,15.550000190734863,1833296:5216606:5241180,3131359531,1710901198319,1,0.6343357286961742,2339955
1,335.29998779296875,48.448631286621094,-123.37284088134766,11.9399995803833,1833811:5212427:5239068,3131359519,1710901228300,1,0.20571229174992717,1530153
26,290.5,48.44718933105469,-123.49491119384766,6.659999847412109,1833035:5213577:5240882,3131359525,1710901228300,1,0.8354518900584152,3029991
59,0,48.41987991333008,-123.36894226074219,0,1834613:5211228:5240110,3131359505,1710901228300,1,0,149908
91,204.60000610351562,48.45268630981445,-123.4630126953125,15.270000457763672,1833296:5216606:5241180,3131359531,1710901228300,1,0.6521255210736331,2369936
1,339.5,48.45167922973633,-123.37464904785156,11.380000114440918,1833811:5212427:5239068,3131359519,1710901258368,1,0.22626439625915473,1560221
26,0,48.44727325439453,-123.49515533447266,0,1833035:5213577:5240882,3131359525,1710901258368,1,0.8354518900584152,3060059
59,0,48.41987991333008,-123.36893463134766,0,1834613:5211228:5240110,3131359505,1710901258368,1,0,179976
91,198.5,48.44840621948242,-123.46556091308594,15,1833296:5216606:5241180,3131359531,1710901258368,1,0.6837967069040294,2400004
1,339.20001220703125,48.45250701904297,-123.37513732910156,3.3299999237060547,1833811:5212427:5239068,3131359519,1710901288379,1,0.23303158998434223,1590232
26,302,48.447574615478516,-123.49585723876953,10.270000457763672,1833035:5213577:5240882,3131359525,1710901288379,1,0.8354518900584152,3090070
59,0,48.41987991333008,-123.36893463134766,0,1834613:5211228:5240110,3131359505,1710901288379,1,0,209987
91,197.5,48.445865631103516,-123.46678161621094,13.050000190734863,1833296:5216606:5241180,3131359531,1710901288379,1,0.6980811379301387,2430015
1,0,48.45335388183594,-123.37557220458984,0,1833811:5212427:5239068,3131359519,1710901318357,1,0.23623226335043862,1620210
26,305.5,48.44853210449219,-123.49818420410156,2.5,1833035:5213577:5240882,3131359525,1710901318357,1,0.8422226475517279,3120048
59,0,48.41987609863281,-123.36893463134766,0,1834613:5211228:5240110,3131359505,1710901318357,1,0,239965
91,213.5,48.44430923461914,-123.46782684326172,3.880000114440918,1833296:5216606:5241180,3131359531,1710901318357,1,NaN,2459993
1,0,48.4533576965332,-123.37557220458984,0,1833811:5212427:5239068,3131359519,1710901348486,1,0.23623226335043862,1650339
26,0,48.44892501831055,-123.4990005493164,0,1833035:5213577:5240882,3131359525,1710901348486,1,0.8611706903487188,3150177
59,0,48.41987609863281,-123.36893463134766,0,1834613:5211228:5240110,3131359505,1710901348486,1,0,270094
91,201.8000030517578,48.44402313232422,-123.468017578125,5.829999923706055,1833296:5216606:5241180,3131359531,1710901348486,1,0.7195238391987392,2490122
1,0,48.45335006713867,-123.37556457519531,0,1833811:5212427:5239068,3131359519,1710901378320,1,0.23623226335043862,1680173
26,303.79998779296875,48.449188232421875,-123.4997787475586,8.609999656677246,1833035:5213577:5240882,3131359525,1710901378320,1,0.8661498752340031,3180011
59,0,48.41987609863281,-123.36893463134766,0,1834613:5211228:5240110,3131359505,1710901378320,1,0,299928
91,252.6999969482422,48.44225311279297,-123.46980285644531,3.880000114440918,1833296:5216606:5241180,3131359531,1710901378320,1,0.7200367736795363,2519956
1,312.70001220703125,48.455013275146484,-123.37715148925781,14.4399995803833,1833811:5212427:5239068,3131359519,1710901408241,1,0.2487152033179956,1710094
26,282.5,48.449615478515625,-123.50222778320312,12.5,1833035:5213577:5240882,3131359525,1710901408241,1,0.8694365488670849,3209932
59,0,48.41987609863281,-123.36893463134766,0,1834613:5211228:5240110,3131359505,1710901408241,1,0,329849
91,285.70001220703125,48.4426155090332,-123.47123718261719,2.2200000286102295,1833296:5216606:5241180,3131359531,1710901408241,1,0.7336349526183888,2549877
1,288.79998779296875,48.45658874511719,-123.38328552246094,17.219999313354492,1833811:5212427:5239068,3131359519,1710901438473,1,0.2666711619745619,1740326
26,300.5,48.45015335083008,-123.50432586669922,3.609999895095825,1833035:5213577:5240882,3131359525,1710901438473,1,0.8849084811453043,3240164
59,0,48.41987609863281,-123.36893463134766,0,1834613:5211228:5240110,3131359505,1710901438473,1,0,360081
91,293.79998779296875,48.44364547729492,-123.47508239746094,13.329999923706055,1833296:5216606:5241180,3131359531,1710901438473,1,0.7515005481460467,2580109
1,289,48.458003997802734,-123.38933563232422,15.829999923706055,1833811:5212427:5239068,3131359519,1710901468499,1,0.2727459172610196,1770352
26,291.5,48.450252532958984,-123.50471496582031,7.769999980926514,1833035:5213577:5240882,3131359525,1710901468499,1,0.8857707379020264,3270190
59,0,48.41987609863281,-123.36893463134766,0,1834613:5211228:5240110,3131359505,1710901468499,1,0,390107
91,0,48.44398498535156,-123.47603607177734,1.1100000143051147,1833296:5216606:5241180,3131359531,1710901468499,1,0.7468174536833463,2610135
1,267.79998779296875,48.458351135253906,-123.3911361694336,1.659999966621399,1833811:5212427:5239068,3131359519,1710901498540,1,0.311822302123022,1800393
26,200.8000030517578,48.44873046875,-123.50672149658203,11.65999984741211,1833035:5213577:5240882,3131359525,1710901498540,1,0.8986236050208742,3300231
59,0,48.41987228393555,-123.36894226074219,0,1834613:5211228:5240110,3131359505,1710901498540,1,0,420148
91,0,48.44404220581055,-123.4761962890625,0,1833296:5216606:5241180,3131359531,1710901498540,1,0.747562117121542,2640176
1,272.29998779296875,48.458335876464844,-123.39681243896484,18.610000610351562,1833811:5212427:5239068,3131359519,1710901528442,1,0.3323178832184013,1830295
26,204.89999389648438,48.445159912109375,-123.50894927978516,7.5,1833035:5213577:5240882,3131359525,1710901528442,1,0.9215745967413528,3330133
59,0,48.41987228393555,-123.36894226074219,0,1834613:5211228:5240110,3131359505,1710901528442,1,0,450050
91,284.1000061035156,48.44517135620117,-123.48011779785156,12.5,1833296:5216606:5241180,3131359531,1710901528442,1,0.7648244861738467,2670078
1,291.3999938964844,48.45920181274414,-123.4018325805664,17.5,1833811:5212427:5239068,3131359519,1710901558400,1,0.35642502344847354,1860253
26,204.89999389648438,48.445159912109375,-123.50894927978516,7.5,1833035:5213577:5240882,3131359525,1710901558400,1,0.9215745967413528,3360091
59,0,48.41987228393555,-123.36894226074219,0,1834613:5211228:5240110,3131359505,1710901558400,1,0,480008
91,283.70001220703125,48.445621490478516,-123.48284912109375,13.329999923706055,1833296:5216606:5241180,3131359531,1710901558400,1,0.7873314406761268,2700036
1,298.6000061035156,48.4598388671875,-123.40389251708984,7.769999980926514,1833811:5212427:5239068,3131359519,1710901589148,1,0.36900043641355834,1891001
27,203.60000610351562,48.44440841674805,-123.5094985961914,9.720000267028809,1833035:5213577:5240882,3131359525,1710901589148,1,0.9245610953198853,3390839
60,0,48.41987228393555,-123.36894226074219,0,1834613:5211228:5240110,3131359505,1710901589148,1,0,510756
92,281,48.44626998901367,-123.48709106445312,9.15999984741211,1833296:5216606:5241180,3131359531,1710901589148,1,0.7996154972440989,2730784
1,281.3999938964844,48.46027374267578,-123.4054946899414,12.220000267028809,1833811:5212427:5239068,3131359519,1710901618459,1,0.3784448585684996,1920312
27,0,48.443973541259766,-123.50972747802734,1.3799999952316284,1833035:5213577:5240882,3131359525,1710901618459,1,0.9330693981093972,3420150
60,0,48.41969299316406,-123.36892700195312,0,1834613:5211228:5240110,3131359505,1710901618459,1,0,540067
92,277.70001220703125,48.44645690917969,-123.48938751220703,13.050000190734863,1833296:5216606:5241180,3131359531,1710901618459,1,0.8140564357844585,2760095
1,306.5,48.46246337890625,-123.4126968383789,21.65999984741211,1833811:5212427:5239068,3131359519,1710901648301,1,0.40870902099923034,1950154
27,194.6999969482422,48.44341278076172,-123.51000213623047,6.940000057220459,1833035:5213577:5240882,3131359525,1710901648301,1,0.9405930495303728,3449992
60,0,48.41969299316406,-123.36892700195312,0,1834613:5211228:5240110,3131359505,1710901648301,1,0,569909
92,286.6000061035156,48.44683837890625,-123.49330139160156,13.880000114440918,1833296:5216606:5241180,3131359531,1710901648301,1,0.8281960175977379,2789937
1,269.3999938964844,48.46412658691406,-123.42106628417969,20.270000457763672,1833811:5212427:5239068,3131359519,1710901678344,1,0.4439574997497678,1980197
27,107,48.44258499145508,-123.50578308105469,10.270000457763672,1833035:5213577:5240882,3131359525,1710901678344,1,0.9565606288134362,3480035
60,0,48.419681549072266,-123.3689193725586,1.1100000143051147,1834613:5211228:5240110,3131359505,1710901678344,1,0,599952
92,0,48.44733810424805,-123.49516296386719,0,1833296:5216606:5241180,3131359531,1710901678344,1,0.8354518900584152,2819980
1,276.8999938964844,48.46420669555664,-123.42784118652344,14.15999984741211,1833811:5212427:5239068,3131359519,1710901710465,1,0.4609459955829324,2012318
27,28.299999237060547,48.44255447387695,-123.50447082519531,7.769999980926514,1833035:5213577:5240882,3131359525,1710901710465,1,0.9586597580055186,3512156
92,0,48.44733810424805,-123.49515533447266,0,1833296:5216606:5241180,3131359531,1710901710465,1,0.8354518900584152,2852101
1,277.20001220703125,48.46442794799805,-123.4305419921875,3.880000114440918,1833811:5212427:5239068,3131359519,1710901738362,1,0.4779410865953165,2040215
27,14,48.44305419921875,-123.50422668457031,6.380000114440918,1833035:5213577:5240882,3131359525,1710901738362,1,0.9603374663373926,3540053
91,300,48.44779586791992,-123.49627685546875,12.220000267028809,1833296:5216606:5241180,3131359531,1710901738362,1,0.8354518900584152,2879998
1,253.1999969482422,48.464385986328125,-123.43153381347656,8.050000190734863,1833811:5212427:5239068,3131359519,1710901768439,1,0.47988988728694365,2070292
27,15.600000381469727,48.44515609741211,-123.50314331054688,9.4399995803833,1833035:5213577:5240882,3131359525,1710901768439,1,0.9825065874483248,3570130
91,0,48.44890213012695,-123.49899291992188,0,1833296:5216606:5241180,3131359531,1710901768439,1,0.8611706903487188,2910075
1,260.5,48.46292495727539,-123.43915557861328,20.270000457763672,1833811:5212427:5239068,3131359519,1710901798571,1,0.5123258373179421,2100424
27,0,48.44551086425781,-123.50298309326172,0,1833035:5213577:5240882,3131359525,1710901798571,1,0.9827599114018655,3600262
91,299.70001220703125,48.449012756347656,-123.4993667602539,6.940000057220459,1833296:5216606:5241180,3131359531,1710901798571,1,0.8627360423519536,2940207
1,265.3999938964844,48.462520599365234,-123.44583892822266,16.940000534057617,1833811:5212427:5239068,3131359519,1710901828338,1,0.5420494655703033,2130191
58,101.69999694824219,48.41826629638672,-123.36856842041016,6.110000133514404,1834613:5211228:5240110,3131359505,1710901828338,1,0.0023709559144819733,749946
90,299.70001220703125,48.449012756347656,-123.4993667602539,6.940000057220459,1833296:5216606:5241180,3131359531,1710901828338,1,0.8627360423519536,2969974
1,239.10000610351562,48.46253204345703,-123.45188903808594,12.770000457763672,1833811:5212427:5239068,3131359519,1710901858335,1,0.5802113250540776,2160188
58,0,48.41844177246094,-123.36602020263672,0.27000001072883606,1834613:5211228:5240110,3131359505,1710901858335,1,0.0027064792337517713,779943
90,0,48.450130462646484,-123.50425720214844,0,1833296:5216606:5241180,3131359531,1710901858335,1,0.8847565161683593,2999971
1,217.89999389648438,48.461273193359375,-123.45384216308594,8.880000114440918,1833811:5212427:5239068,3131359519,1710901888261,1,0.5856606280068752,2190114
58,334.79998779296875,48.418914794921875,-123.36579895019531,9.15999984741211,1834613:5211228:5240110,3131359505,1710901888261,1,0.0048419888138925065,809869
90,0,48.45046615600586,-123.50536346435547,0,1833296:5216606:5241180,3131359531,1710901888261,1,0.8887372475768613,3029897
1,231.3000030517578,48.459354400634766,-123.45714569091797,13.050000190734863,1833811:5212427:5239068,3131359519,1710901918273,1,0.5987525512242758,2220126
58,5.099999904632568,48.421268463134766,-123.3662109375,10.550000190734863,1834613:5211228:5240110,3131359505,1710901918273,1,0.029210128878072464,839881
90,199.39999389648438,48.44941329956055,-123.50642395019531,9.720000267028809,1833296:5216606:5241180,3131359531,1710901918273,1,0.8954388701024442,3059909
1,0,48.45866012573242,-123.45808410644531,0,1833811:5212427:5239068,3131359519,1710901948396,1,0.6045014471116732,2250249
58,66.5,48.4219856262207,-123.36602783203125,2.2200000286102295,1834613:5211228:5240110,3131359505,1710901948396,1,0.027145274277662217,870004
90,200.60000610351562,48.44630813598633,-123.50822448730469,12.5,1833296:5216606:5241180,3131359531,1710901948396,1,0.910586330069997,3090032
1,203.39999389648438,48.45833206176758,-123.45825958251953,7.21999979019165,1833811:5212427:5239068,3131359519,1710901978422,1,0.6129971393990179,2280275
58,0,48.42201614379883,-123.36609649658203,0,1834613:5211228:5240110,3131359505,1710901978422,1,0.027145274277662217,900030
90,203.10000610351562,48.44529724121094,-123.5088882446289,7.21999979019165,1833296:5216606:5241180,3131359531,1710901978422,1,0.9211646613430672,3120058
1,225.3000030517578,48.455291748046875,-123.46046447753906,13.329999923706055,1833811:5212427:5239068,3131359519,1710902008536,1,0.6401980631719247,2310389
58,9.699999809265137,48.42301940917969,-123.3656997680664,6.380000114440918,1834613:5211228:5240110,3131359505,1710902008536,1,0.04124946510145576,930144
90,0,48.443946838378906,-123.50975799560547,0,1833296:5216606:5241180,3131359531,1710902008536,1,0.9332075494164741,3150172
1,204.89999389648438,48.4524040222168,-123.46316528320312,13.880000114440918,1833811:5212427:5239068,3131359519,1710902038421,1,0.6541505676540876,2340274
58,10.399999618530273,48.424285888671875,-123.36521911621094,6.659999847412109,1834613:5211228:5240110,3131359505,1710902038421,1,0.05083599150386335,960029
90,193.5,48.44367980957031,-123.5098876953125,8.329999923706055,1833296:5216606:5241180,3131359531,1710902038421,1,0.9349812500586264,3180057
1,182.6999969482422,48.45125961303711,-123.4640121459961,3.3299999237060547,1833811:5212427:5239068,3131359519,1710902068389,1,0.6686540276960552,2370242
58,0,48.42443084716797,-123.36528015136719,0.8299999833106995,1834613:5211228:5240110,3131359505,1710902068389,1,0.051177031298321886,989997
90,75.9000015258789,48.44301223754883,-123.50809478759766,11.65999984741211,1833296:5216606:5241180,3131359531,1710902068389,1,0.9510752961068669,3210025
1,200.10000610351562,48.4494514465332,-123.4649658203125,10.550000190734863,1833811:5212427:5239068,3131359519,1710902098334,1,0.6756393969641503,2400187
58,0,48.42443084716797,-123.36528015136719,0.8299999833106995,1834613:5211228:5240110,3131359505,1710902098334,1,0.051177031298321886,1019942
85,0,48.4196662902832,-123.36888885498047,0,1831379:5216525:5241145,3131359542,1710902098334,1,0,0
90,105.80000305175781,48.442474365234375,-123.5054931640625,10.829999923706055,1833296:5216606:5241180,3131359531,1710902098334,1,0.9565606288134362,3239970
1,197.8000030517578,48.44597625732422,-123.46675109863281,13.609999656677246,1833811:5212427:5239068,3131359519,1710902128504,1,0.6980811379301387,2430357
58,5.300000190734863,48.42613220214844,-123.36482238769531,4.159999847412109,1834613:5211228:5240110,3131359505,1710902128504,1,0.0553962561467422,1050112
85,0,48.4196662902832,-123.36888885498047,0,1831379:5216525:5241145,3131359542,1710902128504,1,0,30170
90,0,48.44281005859375,-123.50433349609375,0,1833296:5216606:5241180,3131359531,1710902128504,1,0.9602449771686263,3270140
1,0,48.444217681884766,-123.46792602539062,0,1833811:5212427:5239068,3131359519,1710902158414,1,NaN,2460267
58,0,48.426170349121094,-123.36480712890625,0,1834613:5211228:5240110,3131359505,1710902158414,1,0.0553962561467422,1080022
85,0,48.4196662902832,-123.36888885498047,0,1831379:5216525:5241145,3131359542,1710902158414,1,0,60080
90,21,48.44414138793945,-123.50370025634766,10.829999923706055,1833296:5216606:5241180,3131359531,1710902158414,1,0.9786642658419538,3300050
1,211.5,48.443363189697266,-123.46863555908203,8.609999656677246,1833811:5212427:5239068,3131359519,1710902188497,1,0.7195238391987392,2490350
57,0,48.42779541015625,-123.3643569946289,0,1834613:5211228:5240110,3131359505,1710902188497,1,0.06925750118527553,1110105
84,0,48.4196662902832,-123.36888122558594,0,1831379:5216525:5241145,3131359542,1710902188497,1,0,90163
0,290.5,48.44252014160156,-123.47098541259766,6.940000057220459,1833811:5212427:5239068,3131359519,1710902218418,1,0.725322720945227,2520271
56,0,48.42778396606445,-123.36441040039062,0,1834613:5211228:5240110,3131359505,1710902218418,1,0.06925750118527553,1140026
83,0,48.4196662902832,-123.36888122558594,0,1831379:5216525:5241145,3131359542,1710902218418,1,0,120084
0,288.8999938964844,48.442787170410156,-123.4722671508789,8.050000190734863,1833811:5212427:5239068,3131359519,1710902248301,1,0.7380794144444383,2550154
56,1.399999976158142,48.428043365478516,-123.3644027709961,4.71999979019165,1834613:5211228:5240110,3131359505,1710902248301,1,0.07353082750733976,1169909
83,0,48.41967010498047,-123.36888122558594,0,1831379:5216525:5241145,3131359542,1710902248301,1,0,149967
0,0,48.443965911865234,-123.47599792480469,0,1833811:5212427:5239068,3131359519,1710902278447,1,0.7554989296708364,2580300
55,358,48.428916931152344,-123.36436462402344,9.4399995803833,1834613:5211228:5240110,3131359505,1710902278447,1,0.07686265902838625,1200055
82,0,48.419673919677734,-123.36888122558594,0,1831379:5216525:5241145,3131359542,1710902278447,1,0,180113
0,0,48.44397735595703,-123.47600555419922,0.550000011920929,1833811:5212427:5239068,3131359519,1710902308412,1,0.7466798173224,2610265
56,358,48.428916931152344,-123.36436462402344,9.4399995803833,1834613:5211228:5240110,3131359505,1710902308412,1,0.07686265902838625,1230020
83,0,48.419673919677734,-123.36888122558594,0,1831379:5216525:5241145,3131359542,1710902308412,1,0,210078
0,297.3999938964844,48.44485092163086,-123.47879791259766,13.329999923706055,1833811:5212427:5239068,3131359519,1710902338368,1,0.7617198242688177,2640221
56,358.5,48.432586669921875,-123.364501953125,13.329999923706055,1834613:5211228:5240110,3131359505,1710902338368,1,0.0922949367677145,1259976
83,0,48.419673919677734,-123.36888122558594,0,1831379:5216525:5241145,3131359542,1710902338368,1,0,240034
0,0,48.44544219970703,-123.48176574707031,0.8299999833106995,1833811:5212427:5239068,3131359519,1710902368514,1,0.7839121354966448,2670367
56,340.1000061035156,48.435489654541016,-123.3652572631836,12.220000267028809,1834613:5211228:5240110,3131359505,1710902368514,1,0.11962733871223906,1290122
82,0,48.419673919677734,-123.36888122558594,0,1831379:5216525:5241145,3131359542,1710902368514,1,0,270180
0,284.3999938964844,48.4460334777832,-123.48548126220703,12.770000457763672,1833811:5212427:5239068,3131359519,1710902398458,1,0.7966952323454477,2700311
56,0,48.43705749511719,-123.3660659790039,0.8299999833106995,1834613:5211228:5240110,3131359505,1710902398458,1,0.12410673385700738,1320066
82,0,48.419673919677734,-123.36888122558594,0,1831379:5216525:5241145,3131359542,1710902398458,1,0,300124
0,273,48.44634246826172,-123.4880599975586,7.21999979019165,1833811:5212427:5239068,3131359519,1710902428578,1,0.8109407851446117,2730431
56,340.79998779296875,48.43817138671875,-123.36666870117188,3.880000114440918,1834613:5211228:5240110,3131359505,1710902428578,1,0.13285412359061707,1350186
82,0,48.419677734375,-123.3688735961914,0,1831379:5216525:5241145,3131359542,1710902428578,1,0,330244
0,278,48.44664764404297,-123.49220275878906,12.770000457763672,1833811:5212427:5239068,3131359519,1710902458529,1,0.826243695471153,2760382
56,0,48.43819046020508,-123.3667221069336,0,1834613:5211228:5240110,3131359505,1710902458529,1,0.13311229218082024,1380137
82,0,48.419677734375,-123.3688735961914,0,1831379:5216525:5241145,3131359542,1710902458529,1,0,360195
0,0,48.447113037109375,-123.49449157714844,1.3799999952316284,1833811:5212427:5239068,3131359519,1710902488371,1,0.8353837370695228,2790224
56,339,48.44076919555664,-123.36815643310547,14.4399995803833,1834613:5211228:5240110,3131359505,1710902488371,1,0.14347895156013263,1409979
82,0,48.419677734375,-123.3688735961914,0,1831379:5216525:5241145,3131359542,1710902488371,1,0,390037
0,293,48.44717788696289,-123.49481964111328,4.440000057220459,1833811:5212427:5239068,3131359519,1710902518455,1,0.8354518900584152,2820308
56,339.6000061035156,48.444793701171875,-123.37046813964844,12.770000457763672,1834613:5211228:5240110,3131359505,1710902518455,1,0.1752185524494021,1440063
82,0,48.419677734375,-123.3688735961914,0,1831379:5216525:5241145,3131359542,1710902518455,1,0,420121
0,300.20001220703125,48.44808578491211,-123.49720001220703,7.769999980926514,1833811:5212427:5239068,3131359519,1710902548470,1,0.8422226475517279,2850323
56,339.8999938964844,48.4466667175293,-123.37151336669922,11.380000114440918,1834613:5211228:5240110,3131359505,1710902548470,1,0.1965923153387911,1470078
82,0,48.419681549072266,-123.36888122558594,0,1831379:5216525:5241145,3131359542,1710902548470,1,0,450136
0,0,48.44890213012695,-123.49898529052734,0.27000001072883606,1833811:5212427:5239068,3131359519,1710902578446,1,0.8611706903487188,2880299
56,341.20001220703125,48.449806213378906,-123.37358093261719,3.609999895095825,1834613:5211228:5240110,3131359505,1710902578446,1,0.21335467932612953,1500054
82,0,48.419681549072266,-123.36888122558594,0,1831379:5216525:5241145,3131359542,1710902578446,1,0,480112
0,286.70001220703125,48.44933319091797,-123.50037384033203,10.829999923706055,1833811:5212427:5239068,3131359519,1710902608457,1,0.8677745496785155,2910310
56,339.20001220703125,48.45133590698242,-123.37447357177734,14.15999984741211,1834613:5211228:5240110,3131359505,1710902608457,1,0.22402244981466066,1530065
82,0,48.4196891784668,-123.36888122558594,0,1831379:5216525:5241145,3131359542,1710902608457,1,0,510123
0,0,48.45013427734375,-123.50421905517578,0,1833811:5212427:5239068,3131359519,1710902638606,1,0.8846044461085464,2940459
57,337.3999938964844,48.45226287841797,-123.37499237060547,12.220000267028809,1834613:5211228:5240110,3131359505,1710902638606,1,0.23122730925478985,1560214
83,0,48.4196891784668,-123.36888122558594,0,1831379:5216525:5241145,3131359542,1710902638606,1,0,540272
0,293.8999938964844,48.45027542114258,-123.50472259521484,7.5,1833811:5212427:5239068,3131359519,1710902668369,1,0.8858296426258635,2970222
57,0,48.45341491699219,-123.37564849853516,0.550000011920929,1834613:5211228:5240110,3131359505,1710902668369,1,0.23623226335043862,1589977
83,0,48.4196891784668,-123.36888885498047,0,1831379:5216525:5241145,3131359542,1710902668369,1,0,570035
0,293.8999938964844,48.45027542114258,-123.50472259521484,7.5,1833811:5212427:5239068,3131359519,1710902698551,1,0.8858296426258635,3000404
57,0,48.45341873168945,-123.37566375732422,1.3799999952316284,1834613:5211228:5240110,3131359505,1710902698551,1,0.23623226335043862,1620159
83,0,48.41969299316406,-123.36888885498047,0,1831379:5216525:5241145,3131359542,1710902698551,1,0,600217
0,199.5,48.44940948486328,-123.50633239746094,9.4399995803833,1833811:5212427:5239068,3131359519,1710902728590,1,0.8953028144653117,3030443
57,325.3999938964844,48.45448684692383,-123.37641906738281,10.270000457763672,1834613:5211228:5240110,3131359505,1710902728590,1,0.2442568038437968,1650198
83,0,48.41969299316406,-123.36888885498047,0,1831379:5216525:5241145,3131359542,1710902728590,1,0,630256
0,201.3000030517578,48.44572067260742,-123.50858306884766,12.770000457763672,1833811:5212427:5239068,3131359519,1710902758624,1,0.9181438267120564,3060477
56,289.1000061035156,48.45635223388672,-123.38226318359375,15.550000190734863,1834613:5211228:5240110,3131359505,1710902758624,1,0.2666711619745619,1680232
82,178.6999969482422,48.41921615600586,-123.36886596679688,6.940000057220459,1831379:5216525:5241145,3131359542,1710902758624,1,0,660290
0,201.3000030517578,48.44572067260742,-123.50858306884766,12.770000457763672,1833811:5212427:5239068,3131359519,1710902788441,1,0.9181438267120564,3090294
56,289.8999938964844,48.457889556884766,-123.38878631591797,13.609999656677246,1834613:5211228:5240110,3131359505,1710902788441,1,0.2727459172610196,1710049
82,101.19999694824219,48.41824722290039,-123.36859130859375,5.269999980926514,1831379:5216525:5241145,3131359542,1710902788441,1,0.0023709559144819733,690107
0,0,48.44395065307617,-123.50975036621094,0,1833811:5212427:5239068,3131359519,1710902818518,1,0.933176108307784,3120371
56,0,48.45817947387695,-123.3900375366211,0,1834613:5211228:5240110,3131359505,1710902818518,1,0.27433464188999995,1740126
82,0,48.4184684753418,-123.3659896850586,1.3799999952316284,1831379:5216525:5241145,3131359542,1710902818518,1,0.0028033781500396257,720184
0,0,48.44394302368164,-123.50975799560547,1.1100000143051147,1833811:5212427:5239068,3131359519,1710902848562,1,0.9332309305812475,3150415
56,0,48.45817947387695,-123.39004516601562,0,1834613:5211228:5240110,3131359505,1710902848562,1,0.2743664854269041,1770170
82,355.8999938964844,48.41870880126953,-123.36565399169922,6.380000114440918,1831379:5216525:5241145,3131359542,1710902848562,1,0.0035597201649180217,750228
0,84.0999984741211,48.44282531738281,-123.5089111328125,11.109999656677246,1833811:5212427:5239068,3131359519,1710902878553,1,0.9463916549520742,3180406
55,277.5,48.4583625793457,-123.39119720458984,3.609999895095825,1834613:5211228:5240110,3131359505,1710902878553,1,0.311822302123022,1800161
81,359.70001220703125,48.420326232910156,-123.36629486083984,7.21999979019165,1831379:5216525:5241145,3131359542,1710902878553,1,0.022741515507007273,780219
0,105.9000015258789,48.44247817993164,-123.50537109375,8.609999656677246,1833811:5212427:5239068,3131359519,1710902908571,1,0.9565606288134362,3210424
55,277.70001220703125,48.45842742919922,-123.39793395996094,18.049999237060547,1834613:5211228:5240110,3131359505,1710902908571,1,0.3370312697042231,1830179
81,14.199999809265137,48.42189025878906,-123.36602783203125,8.609999656677246,1831379:5216525:5241145,3131359542,1710902908571,1,0.027145274277662217,810237
0,105.9000015258789,48.44247817993164,-123.50537109375,8.609999656677246,1833811:5212427:5239068,3131359519,1710902938377,1,0.9565606288134362,3240230
55,299.20001220703125,48.45988082885742,-123.40391540527344,14.4399995803833,1834613:5211228:5240110,3131359505,1710902938377,1,0.36911274298156554,1859985
81,0,48.4226188659668,-123.36576843261719,1.1100000143051147,1831379:5216525:5241145,3131359542,1710902938377,1,0.03960853903016118,840043
0,0,48.44282531738281,-123.50430297851562,1.1100000143051147,1833811:5212427:5239068,3131359519,1710902968610,1,0.9603374663373926,3270463
55,281.6000061035156,48.460411071777344,-123.40628814697266,15,1834613:5211228:5240110,3131359505,1710902968610,1,0.37709083525279025,1890218
81,6.300000190734863,48.423038482666016,-123.36572265625,7.769999980926514,1831379:5216525:5241145,3131359542,1710902968610,1,0.041388614668657744,870276
0,20.200000762939453,48.444236755371094,-123.5036392211914,10.270000457763672,1833811:5212427:5239068,3131359519,1710902998569,1,0.9743447140563639,3300422
55,306.5,48.46273422241211,-123.41319274902344,23.049999237060547,1834613:5211228:5240110,3131359505,1710902998569,1,0.39619646534997377,1920177
81,6.300000190734863,48.423038482666016,-123.36572265625,7.769999980926514,1831379:5216525:5241145,3131359542,1710902998569,1,0.041388614668657744,900235
55,270.8999938964844,48.46412658691406,-123.4230728149414,23.329999923706055,1834613:5211228:5240110,3131359505,1710903028452,1,0.4456604342318886,1950060
80,0,48.42441177368164,-123.36524200439453,0.550000011920929,1831379:5216525:5241145,3131359542,1710903028452,1,0.05103439438119575,930118
53,278.3999938964844,48.464412689208984,-123.42998504638672,13.880000114440918,1834613:5211228:5240110,3131359505,1710903058705,1,0.47561417050423693,1980313
78,0,48.424381256103516,-123.3652572631836,0,1831379:5216525:5241145,3131359542,1710903058705,1,0.05085413583584688,960371
53,251.6999969482422,48.4642333984375,-123.43224334716797,13.050000190734863,1834613:5211228:5240110,3131359505,1710903088514,1,0.49241747315833745,2010122
77,8.699999809265137,48.42472839355469,-123.365234375,7.21999979019165,1831379:5216525:5241145,3131359542,1710903088514,1,0.05263337230087663,990180
53,261.79998779296875,48.4629020690918,-123.43971252441406,20.829999923706055,1834613:5211228:5240110,3131359505,1710903118528,1,0.5146507286035363,2040136
77,9,48.42549133300781,-123.364990234375,6.659999847412109,1831379:5216525:5241145,3131359542,1710903118528,1,0.059120876267525616,1020194
53,280.79998779296875,48.46260452270508,-123.44779205322266,17.5,1834613:5211228:5240110,3131359505,1710903148526,1,0.5460543972337989,2070134
77,10,48.42599868774414,-123.36485290527344,3.3299999237060547,1831379:5216525:5241145,3131359542,1710903148526,1,0.0553962561467422,1050192
53,228.6999969482422,48.46213150024414,-123.45267486572266,13.880000114440918,1834613:5211228:5240110,3131359505,1710903178549,1,0.5837811335039282,2100157
77,0,48.42771911621094,-123.3644027709961,1.3799999952316284,1831379:5216525:5241145,3131359542,1710903178549,1,0.06925750118527553,1080215
53,228.60000610351562,48.460472106933594,-123.4549789428711,11.109999656677246,1834613:5211228:5240110,3131359505,1710903208528,1,0.5892683444389056,2130136
77,0,48.42771911621094,-123.36447143554688,0,1831379:5216525:5241145,3131359542,1710903208528,1,0.06925750118527553,1110194
53,0,48.458702087402344,-123.45802307128906,0,1834613:5211228:5240110,3131359505,1710903238654,1,0.604136407984672,2160262
77,359,48.4288215637207,-123.36437225341797,8.609999656677246,1831379:5216525:5241145,3131359542,1710903238654,1,0.07686265902838625,1140320
54,213.89999389648438,48.456016540527344,-123.45938873291016,14.15999984741211,1834613:5211228:5240110,3131359505,1710903268503,1,0.6341080489982093,2190111
78,359,48.4288215637207,-123.36437225341797,8.609999656677246,1831379:5216525:5241145,3131359542,1710903268503,1,0.07686265902838625,1170169
54,205.1999969482422,48.45294189453125,-123.46282196044922,10.829999923706055,1834613:5211228:5240110,3131359505,1710903298525,1,0.6503256005293627,2220133
77,2.799999952316284,48.430511474609375,-123.36444091796875,11.9399995803833,1831379:5216525:5241145,3131359542,1710903298525,1,0.08199369721307742,1200191
53,0,48.451316833496094,-123.46399688720703,1.1100000143051147,1834613:5211228:5240110,3131359505,1710903328494,1,0.6569020119508192,2250102
76,357.20001220703125,48.432464599609375,-123.36450958251953,8.050000190734863,1831379:5216525:5241145,3131359542,1710903328494,1,0.0922949367677145,1230160
54,202,48.45030975341797,-123.46449279785156,8.609999656677246,1834613:5211228:5240110,3131359505,1710903358476,1,0.6701753196961243,2280084
77,339.29998779296875,48.434871673583984,-123.36490631103516,8.880000114440918,1831379:5216525:5241145,3131359542,1710903358476,1,0.11546562193483031,1260142
54,197.8000030517578,48.4473762512207,-123.466064453125,12.770000457763672,1834613:5211228:5240110,3131359505,1710903388587,1,0.683170222123718,2310195
77,339.29998779296875,48.434871673583984,-123.36490631103516,8.880000114440918,1831379:5216525:5241145,3131359542,1710903388587,1,0.11546562193483031,1290253
54,199.8000030517578,48.44521713256836,-123.46711730957031,6.380000114440918,1834613:5211228:5240110,3131359505,1710903418573,1,0.701403705237871,2340181
77,341.20001220703125,48.43798065185547,-123.36663055419922,11.109999656677246,1831379:5216525:5241145,3131359542,1710903418573,1,0.13181926607582498,1320239
54,0,48.44420623779297,-123.46793365478516,0,1834613:5211228:5240110,3131359505,1710903448615,1,NaN,2370223
77,340.29998779296875,48.44089126586914,-123.36829376220703,13.609999656677246,1831379:5216525:5241145,3131359542,1710903448615,1,0.14347895156013263,1350281
55,211.10000610351562,48.44240188598633,-123.46949768066406,6.110000133514404,1834613:5211228:5240110,3131359505,1710903478589,1,0.7195238391987392,2400197
78,337.5,48.44434356689453,-123.3702163696289,8.050000190734863,1831379:5216525:5241145,3131359542,1710903478589,1,0.17264694921040807,1380255
55,0,48.442569732666016,-123.47115325927734,0,1834613:5211228:5240110,3131359505,1710903508453,1,0.7333964549905125,2430061
77,337.5,48.44434356689453,-123.3702163696289,8.050000190734863,1831379:5216525:5241145,3131359542,1710903508453,1,0.17264694921040807,1410119
55,288.1000061035156,48.4426383972168,-123.47154998779297,6.940000057220459,1834613:5211228:5240110,3131359505,1710903538646,1,0.7349605506427606,2460254
77,0,48.445613861083984,-123.3709945678711,0,1831379:5216525:5241145,3131359542,1710903538646,1,0.18490942399512592,1440312
55,293.3999938964844,48.44399642944336,-123.47622680664062,5.269999980926514,1834613:5211228:5240110,3131359505,1710903568553,1,0.7476310821746609,2490161
77,335.20001220703125,48.447906494140625,-123.37234497070312,11.65999984741211,1831379:5216525:5241145,3131359542,1710903568553,1,0.20066337881838636,1470219
55,284.6000061035156,48.445167541503906,-123.48015594482422,13.050000190734863,1834613:5211228:5240110,3131359505,1710903598623,1,0.7649810881291912,2520231
77,337.29998779296875,48.44865417480469,-123.37286376953125,9.15999984741211,1831379:5216525:5241145,3131359542,1710903598623,1,0.20589382209996662,1500289
55,275.70001220703125,48.445518493652344,-123.48213958740234,6.659999847412109,1834613:5211228:5240110,3131359505,1710903628437,1,0.7854781727891558,2550045
77,0,48.44982147216797,-123.37361907958984,0,1831379:5216525:5241145,3131359542,1710903628437,1,0.2134885092659958,1530103
55,283.8999938964844,48.44588851928711,-123.48455047607422,13.609999656677246,1834613:5211228:5240110,3131359505,1710903658528,1,0.7945734260560777,2580136
77,337.1000061035156,48.4505500793457,-123.37403869628906,11.65999984741211,1831379:5216525:5241145,3131359542,1710903658528,1,0.21815392572017106,1560194
55,273.79998779296875,48.446502685546875,-123.4908447265625,13.050000190734863,1834613:5211228:5240110,3131359505,1710903688511,1,0.819366030593766,2610119
77,339.70001220703125,48.4525032043457,-123.37519836425781,5.550000190734863,1831379:5216525:5241145,3131359542,1710903688511,1,0.23303158998434223,1590177
55,0,48.44710922241211,-123.49442291259766,0,1834613:5211228:5240110,3131359505,1710903718666,1,0.8350982042377774,2640274
78,339.70001220703125,48.4525032043457,-123.37519836425781,5.550000190734863,1831379:5216525:5241145,3131359542,1710903718666,1,0.23303158998434223,1620332
55,282.3999938964844,48.44718551635742,-123.49478149414062,6.110000133514404,1834613:5211228:5240110,3131359505,1710903748539,1,0.8354518900584152,2670147
78,0,48.453304290771484,-123.37565612792969,0,1831379:5216525:5241145,3131359542,1710903748539,1,0.23623226335043862,1650205
55,302.8999938964844,48.448509216308594,-123.49813842773438,6.940000057220459,1834613:5211228:5240110,3131359505,1710903778629,1,0.8422226475517279,2700237
78,0,48.45331573486328,-123.37562561035156,0,1831379:5216525:5241145,3131359542,1710903778629,1,0.23623226335043862,1680295
55,301,48.448997497558594,-123.49939727783203,8.050000190734863,1834613:5211228:5240110,3131359505,1710903808545,1,0.8628326895372882,2730153
78,330.20001220703125,48.45439529418945,-123.37635040283203,13.050000190734863,1831379:5216525:5241145,3131359542,1710903808545,1,0.2437735909993023,1710211
54,283.6000061035156,48.449745178222656,-123.5029525756836,11.9399995803833,1834613:5211228:5240110,3131359505,1710903838426,1,0.8699379919078515,2760034
77,289,48.45631790161133,-123.38202667236328,19.15999984741211,1831379:5216525:5241145,3131359542,1710903838426,1,0.2666711619745619,1740092
55,294.20001220703125,48.45026397705078,-123.50467681884766,8.329999923706055,1834613:5211228:5240110,3131359505,1710903868606,1,0.8856245243623272,2790214
78,290,48.45790481567383,-123.38885498046875,18.8799991607666,1831379:5216525:5241145,3131359542,1710903868606,1,0.2727459172610196,1770272
55,202,48.44890213012695,-123.50663757324219,12.5,1834613:5211228:5240110,3131359505,1710903898553,1,0.8975227777153817,2820161
78,0,48.458335876464844,-123.39114379882812,0,1831379:5216525:5241145,3131359542,1710903898553,1,0.311822302123022,1800219
55,204.3000030517578,48.44468688964844,-123.50927734375,13.329999923706055,1834613:5211228:5240110,3131359505,1710903928548,1,0.9225931666349958,2850156
78,270.79998779296875,48.458309173583984,-123.39625549316406,19.440000534057617,1831379:5216525:5241145,3131359542,1710903928548,1,0.33036453190631,1830214
15,0,48.41987609863281,-123.36888122558594,0,1834834:5227328:5240725,3131351159,1710903958523,1,0,0
55,0,48.44398880004883,-123.50975799560547,0,1834613:5211228:5240110,3131359505,1710903958523,1,0.9330693981093972,2880131
78,296.1000061035156,48.45955276489258,-123.4029541015625,12.5,1831379:5216525:5241145,3131359542,1710903958523,1,0.35694866018874205,1860189
15,0,48.41987228393555,-123.3688735961914,0,1834834:5227328:5240725,3131351159,1710903988469,1,0,29946
55,191.89999389648438,48.44361877441406,-123.50988006591797,9.4399995803833,1834613:5211228:5240110,3131359505,1710903988469,1,0.9350833399399651,2910077
78,297,48.459896087646484,-123.40390014648438,7.5,1831379:5216525:5241145,3131359542,1710903988469,1,0.36905540286391547,1890135
15,0,48.41987228393555,-123.3688735961914,0,1834834:5227328:5240725,3131351159,1710904018456,1,0,59933
55,69.5999984741211,48.44288635253906,-123.50859832763672,12.770000457763672,1834613:5211228:5240110,3131359505,1710904018456,1,0.9477643528481318,2940064
77,281.79998779296875,48.46054458618164,-123.40718841552734,17.5,1831379:5216525:5241145,3131359542,1710904018456,1,0.38091981465965635,1920122
15,0,48.41986846923828,-123.3688735961914,0,1834834:5227328:5240725,3131351159,1710904048451,1,0,89928
55,94.9000015258789,48.44236373901367,-123.50481414794922,4.71999979019165,1834613:5211228:5240110,3131359505,1710904048451,1,0.9566458103672892,2970059
77,306,48.463138580322266,-123.4140625,23.610000610351562,1831379:5216525:5241145,3131359542,1710904048451,1,0.39619646534997377,1950117
15,0,48.41986846923828,-123.3688735961914,0,1834834:5227328:5240725,3131351159,1710904078550,1,0,120027
55,15.100000381469727,48.443138122558594,-123.504150390625,7.5,1834613:5211228:5240110,3131359505,1710904078550,1,0.9603374663373926,3000158
77,267.29998779296875,48.46409606933594,-123.42529296875,23.610000610351562,1831379:5216525:5241145,3131359542,1710904078550,1,0.45489147612820624,1980216
15,0,48.419864654541016,-123.3688735961914,0,1834834:5227328:5240725,3131351159,1710904108751,1,0,150228
55,16.399999618530273,48.44514846801758,-123.5031967163086,12.220000267028809,1834613:5211228:5240110,3131359505,1710904108751,1,0.9825065874483248,3030359
77,276.29998779296875,48.464256286621094,-123.42906188964844,17.219999313354492,1831379:5216525:5241145,3131359542,1710904108751,1,0.4738425234707287,2010417
15,0,48.419864654541016,-123.3688735961914,0,1834834:5227328:5240725,3131351159,1710904138564,1,0,180041
77,277.6000061035156,48.46442794799805,-123.43057250976562,5.269999980926514,1831379:5216525:5241145,3131359542,1710904138564,1,0.478068187811214,2040230
15,0,48.419857025146484,-123.36885833740234,0,1834834:5227328:5240725,3131351159,1710904168669,1,0,210146
77,0,48.464481353759766,-123.43107604980469,1.3799999952316284,1831379:5216525:5241145,3131359542,1710904168669,1,0.47988988728694365,2070335
15,0,48.419857025146484,-123.36885833740234,0,1834834:5227328:5240725,3131351159,1710904198487,1,0,239964
77,0,48.46448516845703,-123.43119812011719,0,1831379:5216525:5241145,3131359542,1710904198487,1,0.47988988728694365,2100153
15,0,48.41984558105469,-123.36882781982422,0,1834834:5227328:5240725,3131351159,1710904228727,1,0,270204
77,0,48.46448516845703,-123.43119812011719,0,1831379:5216525:5241145,3131359542,1710904228727,1,0.47988988728694365,2130393
15,0,48.41984558105469,-123.36882781982422,0,1834834:5227328:5240725,3131351159,1710904258524,1,0,300001
77,252.39999389648438,48.46359634399414,-123.43526458740234,18.8799991607666,1831379:5216525:5241145,3131359542,1710904258524,1,0.49721045839538,2160190
15,0,48.41984558105469,-123.36882781982422,0,1834834:5227328:5240725,3131351159,1710904288597,1,0,330074
77,265.70001220703125,48.462642669677734,-123.44448852539062,21.3799991607666,1831379:5216525:5241145,3131359542,1710904288597,1,0.5321277894335018,2190263
15,0,48.41978073120117,-123.36882781982422,0,1834834:5227328:5240725,3131351159,1710904318554,1,0,360031
77,249.10000610351562,48.46278762817383,-123.451171875,16.110000610351562,1831379:5216525:5241145,3131359542,1710904318554,1,0.5754123577148155,2220220
15,0,48.419803619384766,-123.3687744140625,0,1834834:5227328:5240725,3131351159,1710904348638,1,0,390115
77,225.3000030517578,48.46068572998047,-123.45455932617188,11.9399995803833,1831379:5216525:5241145,3131359542,1710904348638,1,0.5893056778707244,2250304
15,0,48.41981887817383,-123.36878204345703,0,1834834:5227328:5240725,3131351159,1710904378671,1,0,420148
77,203.39999389648438,48.458316802978516,-123.458251953125,10.829999923706055,1831379:5216525:5241145,3131359542,1710904378671,1,0.6130643349414177,2280337
15,0,48.419822692871094,-123.36882781982422,0,1834834:5227328:5240725,3131351159,1710904408575,1,0,450052
77,195.3000030517578,48.456661224365234,-123.45893096923828,11.65999984741211,1831379:5216525:5241145,3131359542,1710904408575,1,0.6266758515332428,2310241
15,181.5,48.419189453125,-123.36881256103516,7.769999980926514,1834834:5227328:5240725,3131351159,1710904438612,1,0,480089
76,208.8000030517578,48.45362854003906,-123.46228790283203,15.829999923706055,1831379:5216525:5241145,3131359542,1710904438612,1,0.6451395574688794,2340278
15,86.30000305175781,48.41826248168945,-123.36849212646484,5.829999923706055,1834834:5227328:5240725,3131351159,1710904468653,1,0.0023709559144819733,510130
76,201.5,48.450618743896484,-123.46432495117188,14.15999984741211,1831379:5216525:5241145,3131359542,1710904468653,1,0.6728872177283517,2370319
15,87.30000305175781,48.41847229003906,-123.3661117553711,2.7699999809265137,1834834:5227328:5240725,3131351159,1710904498632,1,0.0030569849478735036,540109
76,197.6999969482422,48.44637680053711,-123.46652221679688,14.720000267028809,1831379:5216525:5241145,3131359542,1710904498632,1,0.6888224096156137,2400298
15,59.599998474121094,48.418540954589844,-123.36564636230469,3.049999952316284,1834834:5227328:5240725,3131351159,1710904528689,1,0.0025723927654003496,570166
76,204.8000030517578,48.44469451904297,-123.46743774414062,11.65999984741211,1831379:5216525:5241145,3131359542,1710904528689,1,0.7089445497604105,2430355
15,351.1000061035156,48.42021560668945,-123.36627197265625,7.769999980926514,1834834:5227328:5240725,3131351159,1710904558679,1,0.022527379231481397,600156
76,201.6999969482422,48.443946838378906,-123.46805572509766,6.940000057220459,1831379:5216525:5241145,3131359542,1710904558679,1,0.7195238391987392,2460345
15,6.5,48.4214973449707,-123.36614990234375,6.940000057220459,1834834:5227328:5240725,3131351159,1710904588734,1,0.030677457637738763,630211
76,289.79998779296875,48.44258117675781,-123.47126007080078,12.770000457763672,1831379:5216525:5241145,3131359542,1710904588734,1,0.7337021491688143,2490400
15,0,48.42177963256836,-123.36610412597656,0.27000001072883606,1834834:5227328:5240725,3131351159,1710904618637,1,0.027145274277662217,660114
76,293.6000061035156,48.44386672973633,-123.47578430175781,11.109999656677246,1831379:5216525:5241145,3131359542,1710904618637,1,0.7547455366079326,2520303
15,0,48.42261505126953,-123.36577606201172,0,1834834:5227328:5240725,3131351159,1710904648697,1,0.03960853903016118,690174
76,286.29998779296875,48.44510269165039,-123.47987365722656,14.720000267028809,1831379:5216525:5241145,3131359542,1710904648697,1,0.7637601877101406,2550363
15,16.799999237060547,48.42391586303711,-123.36543273925781,6.110000133514404,1834834:5227328:5240725,3131351159,1710904678648,1,0.04499414819173512,720125
76,286.29998779296875,48.44596862792969,-123.48487091064453,14.720000267028809,1831379:5216525:5241145,3131359542,1710904678648,1,0.7941031615643023,2580314
15,0,48.42427062988281,-123.36534881591797,1.3799999952316284,1834834:5227328:5240725,3131351159,1710904708723,1,0.04708901848761947,750200
76,272.3999938964844,48.44638442993164,-123.48809051513672,7.21999979019165,1831379:5216525:5241145,3131359542,1710904708723,1,0.8110671422648382,2610389
15,9.899999618530273,48.424713134765625,-123.36528778076172,6.380000114440918,1834834:5227328:5240725,3131351159,1710904738617,1,0.05263337230087663,780094
76,278.3999938964844,48.446624755859375,-123.49176788330078,12.5,1831379:5216525:5241145,3131359542,1710904738617,1,0.8244201704483698,2640283
15,8.600000381469727,48.42555236816406,-123.36506652832031,8.329999923706055,1834834:5227328:5240725,3131351159,1710904768761,1,0.059353539574786965,810238
76,0,48.447113037109375,-123.49443817138672,0,1831379:5216525:5241145,3131359542,1710904768761,1,0.8351616075648335,2670427
15,8.399999618530273,48.42627716064453,-123.36483764648438,5,1834834:5227328:5240725,3131351159,1710904798666,1,0.055400228078464925,840143
75,298.8999938964844,48.44807434082031,-123.49723052978516,9.4399995803833,1831379:5216525:5241145,3131359542,1710904798666,1,0.8422226475517279,2700332
15,0,48.42764663696289,-123.36447143554688,0.27000001072883606,1834834:5227328:5240725,3131351159,1710904828660,1,0.0688703810945742,870137
75,0,48.44888687133789,-123.49898529052734,0,1831379:5216525:5241145,3131359542,1710904828660,1,0.8611706903487188,2730326
15,355.1000061035156,48.427711486816406,-123.36447143554688,1.659999966621399,1834834:5227328:5240725,3131351159,1710904858684,1,0.06922591557590457,900161
75,300.29998779296875,48.44902801513672,-123.49940490722656,6.380000114440918,1831379:5216525:5241145,3131359542,1710904858684,1,0.8628326895372882,2760350
15,358.6000061035156,48.428707122802734,-123.36437225341797,8.050000190734863,1834834:5227328:5240725,3131351159,1710904888629,1,0.07686265902838625,930106
75,282,48.44973373413086,-123.50299072265625,11.9399995803833,1831379:5216525:5241145,3131359542,1710904888629,1,0.8700897543523828,2790295
15,358.6000061035156,48.428707122802734,-123.36437225341797,8.050000190734863,1834834:5227328:5240725,3131351159,1710904918926,1,0.07686265902838625,960403
75,202.8000030517578,48.44952392578125,-123.50636291503906,12.5,1831379:5216525:5241145,3131359542,1710904918926,1,0.8948140394777574,2820592
15,0.10000000149011612,48.4296760559082,-123.36441802978516,7.769999980926514,1834834:5227328:5240725,3131351159,1710904948769,1,0.08182284013480012,990246
75,200.6999969482422,48.44744110107422,-123.50757598876953,13.880000114440918,1831379:5216525:5241145,3131359542,1710904948769,1,0.904250710213898,2850435
15,4.699999809265137,48.432186126708984,-123.36446380615234,1.940000057220459,1834834:5227328:5240725,3131351159,1710904978656,1,0.0922949367677145,1020133
75,204.3000030517578,48.44493103027344,-123.50910949707031,7.21999979019165,1831379:5216525:5241145,3131359542,1710904978656,1,0.9215745967413528,2880322
15,344.8999938964844,48.43434524536133,-123.36466217041016,8.609999656677246,1834834:5227328:5240725,3131351159,1710905008645,1,0.10739131394983704,1050122
76,0,48.4439811706543,-123.50973510742188,0,1831379:5216525:5241145,3131359542,1710905008645,1,0.9330693981093972,2910311
15,340.1000061035156,48.43524932861328,-123.36514282226562,5,1834834:5227328:5240725,3131351159,1710905038668,1,0.11807050807485206,1080145
76,0,48.44308853149414,-123.51011657714844,0,1831379:5216525:5241145,3131359542,1710905038668,1,0.9425909739791632,2940334
15,0,48.43687057495117,-123.36600494384766,0,1834834:5227328:5240725,3131351159,1710905068700,1,0.12294771994120256,1110177
76,86.5,48.44281005859375,-123.50969696044922,6.940000057220459,1831379:5216525:5241145,3131359542,1710905068700,1,0.9429983790256375,2970366
10,0,48.419715881347656,-123.368896484375,0,1834836:5226203:5240725,3131351159,1710910376331,1,0,0
10,0,48.41971206665039,-123.36888122558594,0,1834836:5226203:5240725,3131351159,1710910406353,1,0,30022
10,0,48.41971206665039,-123.36888122558594,0,1834836:5226203:5240725,3131351159,1710910436356,1,0,60025
10,0,48.41971206665039,-123.36888885498047,0,1834836:5226203:5240725,3131351159,1710910466410,1,0,90079
10,0,48.41971206665039,-123.36888885498047,0,1834836:5226203:5240725,3131351159,1710910496291,1,0,119960
10,0,48.419715881347656,-123.36888885498047,0,1834836:5226203:5240725,3131351159,1710910526407,1,0,150076
10,0,48.419715881347656,-123.36888885498047,0,1834836:5226203:5240725,3131351159,1710910556348,1,0,180017
10,0,48.419715881347656,-123.36888885498047,0,1834836:5226203:5240725,3131351159,1710910586412,1,0,210081
10,0,48.419715881347656,-123.36888885498047,0,1834836:5226203:5240725,3131351159,1710910616380,1,0,240049
10,0,48.419715881347656,-123.36888885498047,0,1834836:5226203:5240725,3131351159,1710910646455,1,0,270124
10,0,48.419715881347656,-123.36888885498047,0,1834836:5226203:5240725,3131351159,1710910678041,1,0,301710
10,0,48.419715881347656,-123.36888885498047,0,1834836:5226203:5240725,3131351159,1710910706428,1,0,330097
10,0,48.419715881347656,-123.36888885498047,0,1834836:5226203:5240725,3131351159,1710910736457,1,0,360126
9,0,48.419715881347656,-123.368896484375,0,1834836:5226203:5240725,3131351159,1710910766450,1,0,390119
9,0,48.419715881347656,-123.368896484375,0,1834836:5226203:5240725,3131351159,1710910796357,1,0,420026
9,0,48.419715881347656,-123.368896484375,0,1834836:5226203:5240725,3131351159,1710910826447,1,0,450116
9,0,48.419715881347656,-123.368896484375,0,1834836:5226203:5240725,3131351159,1710910856368,1,0,480037
9,0,48.419715881347656,-123.368896484375,0,1834836:5226203:5240725,3131351159,1710910886415,1,0,510084
9,92.80000305175781,48.41823959350586,-123.36861419677734,4.440000057220459,1834836:5226203:5240725,3131351159,1710911006376,1,0.0023709559144819733,630045
9,80.5999984741211,48.41843032836914,-123.36654663085938,4.440000057220459,1834836:5226203:5240725,3131351159,1710911036381,1,0.0036384760029682297,660050
9,334.20001220703125,48.419090270996094,-123.36593627929688,7.5,1834836:5226203:5240725,3131351159,1710911066416,1,0.01733823955955414,690085
9,6.300000190734863,48.42104721069336,-123.36626434326172,8.329999923706055,1834836:5226203:5240725,3131351159,1710911096404,1,0.027797310546382157,720073
9,6.900000095367432,48.421592712402344,-123.36617279052734,6.940000057220459,1834836:5226203:5240725,3131351159,1710911126435,1,0.027145274277662217,750104
9,0,48.42268753051758,-123.36573791503906,1.1100000143051147,1834836:5226203:5240725,3131351159,1710911156340,1,0.03960853903016118,780009
9,358.5,48.42293167114258,-123.3657455444336,2.7699999809265137,1834836:5226203:5240725,3131351159,1710911186394,1,0.040752693144922775,810063
9,0,48.42292404174805,-123.36568450927734,0,1834836:5226203:5240725,3131351159,1710911216499,1,0.04064781365981603,840168
9,8.100000381469727,48.423545837402344,-123.36556243896484,5,1834836:5226203:5240725,3131351159,1710911246434,1,0.046577931176734824,870103
9,0,48.42436599731445,-123.36524963378906,0.27000001072883606,1834836:5226203:5240725,3131351159,1710911276446,1,0.05083599150386335,900115
9,0,48.424373626708984,-123.3652572631836,0,1834836:5226203:5240725,3131351159,1710911306428,1,0.05083599150386335,930097
9,0,48.424373626708984,-123.3652572631836,0.27000001072883606,1834836:5226203:5240725,3131351159,1710911336376,1,0.05083599150386335,960045
9,9.199999809265137,48.42552185058594,-123.36494445800781,8.609999656677246,1834836:5226203:5240725,3131351159,1710911368125,1,0.059377768421054154,991794
9,0,48.42618942260742,-123.36477661132812,0.550000011920929,1834836:5226203:5240725,3131351159,1710911396433,1,0.0553962561467422,1020102
9,0,48.42778015136719,-123.36434936523438,1.1100000143051147,1834836:5226203:5240725,3131351159,1710911426442,1,0.06925750118527553,1050111
9,0,48.42780685424805,-123.36434936523438,0,1834836:5226203:5240725,3131351159,1710911456423,1,0.06925750118527553,1080092
9,358.1000061035156,48.42896270751953,-123.36434173583984,10.550000190734863,1834836:5226203:5240725,3131351159,1710911487033,1,0.07686265902838625,1110702
9,357.3999938964844,48.42969512939453,-123.36442565917969,9.4399995803833,1834836:5226203:5240725,3131351159,1710911516462,1,0.08194376631844506,1140131
9,359,48.43199157714844,-123.36447143554688,6.659999847412109,1834836:5226203:5240725,3131351159,1710911546612,1,0.09129009480426183,1170281